{
  "train": {
    "accuracy": 0.4942528735632184,
    "roc_auc": 0.4955793325019202,
    "log_loss": 0.7018443781008595,
    "confusion_matrix": [
      [
        329,
        377
      ],
      [
        327,
        359
      ]
    ]
  },
  "valid": {
    "accuracy": 0.95,
    "roc_auc": 0.9916457811194653,
    "log_loss": 0.4724329283449142,
    "confusion_matrix": [
      [
        63,
        0
      ],
      [
        6,
        51
      ]
    ]
  },
  "test": {
    "accuracy": 0.6041666666666666,
    "roc_auc": 0.6313043478260869,
    "log_loss": 0.6744951338856818,
    "confusion_matrix": [
      [
        21,
        4
      ],
      [
        15,
        8
      ]
    ]
  }
}